year,hurricane,basin,n_valid,t_start,peak_obs_kts,peak_fast_kts,peak_ml_kts,fast_rmse_kts,ml_rmse_kts,rmse_gain_kts,fast_bias_kts,ml_bias_kts,fast_corr,ml_corr
2003,AL012003_north_atlantic_ANA,north_atlantic,210,48,49.99984201324463,48.93158936345929,52.16738551135508,15.033622114900835,5.659273224056822,9.374348890844013,-11.767411512869819,-0.7181525971085115,0.6916993855711115,0.754843988044701
2003,AL042003_north_atlantic_CLAUDETTE,north_atlantic,253,48,79.81634210876464,56.17996562703189,52.104891758967014,14.461437238703729,21.157100107533534,-6.695662868829805,-10.413125867549493,-16.09279468019206,0.6002782767250486,0.334728747800323
2003,AL052003_north_atlantic_DANNY,north_atlantic,259,48,64.99979721252441,63.667993605734296,61.86520782767276,4.765680883227664,4.838750240535424,-0.07306935730775965,-1.7766596129508787,0.9191534448715013,0.9628950405484127,0.9698292127589039
2003,AL102003_north_atlantic_FABIAN,north_atlantic,313,48,124.99959576416016,119.22803016634006,134.85158542944134,28.268148300222034,22.571753358511447,5.696394941710587,-17.44637083901264,-5.699734424198298,0.6649966109330604,0.7351738985747472
2003,AL122003_north_atlantic_HENRI,north_atlantic,121,48,49.99984201324463,72.10961044503385,67.36528620760602,24.68522226150119,17.14327974330319,7.541942518197999,18.679399775546017,12.755566221002136,0.0715807224779783,0.20418109610273
2003,AL132003_north_atlantic_ISABEL,north_atlantic,337,48,144.99954591674805,112.77071507092656,122.01168492935716,29.51409669520001,25.933651503989502,3.580445191210508,-21.19312010540574,-15.503651816832592,0.7941208932068047,0.7793640070191646
2003,AL152003_north_atlantic_JUAN,north_atlantic,121,48,89.99971636535645,73.70661853994451,77.3105753857021,18.020288118443705,10.336558043456085,7.68373007498762,-11.033305484397427,-5.644751193668463,0.7235555118431055,0.9171237562693637
2003,AL162003_north_atlantic_KATE,north_atlantic,336,48,109.99965168762208,66.60699357239896,95.54621605097793,34.29655304965284,14.872538944004612,19.424014105648233,-26.120448621185368,-8.338624346702629,0.18326904154478135,0.8292834146660157
2003,AL172003_north_atlantic_LARRY,north_atlantic,174,48,54.99982584381104,87.80507451764076,64.8248240473729,9.653602920656501,6.938234365021244,2.7153685556352576,1.0371493909913578,-1.9345461863266473,0.900627888197379,0.9394755209632999
2003,AL192003_north_atlantic_NICHOLAS,north_atlantic,444,48,59.99980967437744,52.55114959515723,47.88592912010642,13.528783912423885,10.32601626236432,3.202767650059565,-11.270751394547265,-6.3571787916528715,0.8452185558671692,0.728858021129625
2003,AL202003_north_atlantic_ODETTE,north_atlantic,127,48,54.99982584381104,64.45350168070436,62.27665834960283,18.673300637859235,16.49021007090365,2.1830905669555847,-12.73469350879625,-11.242610050020978,0.7475814435456515,0.7647868615907051
2004,AL012004_north_atlantic_ALEX,north_atlantic,145,48,104.99966785705567,57.24643670751197,77.89217929404779,32.337051189702514,21.722328087355294,10.61472310234722,-23.421554383793865,-16.00020752938711,0.5600596443452843,0.9213724589077532
2004,AL022004_north_atlantic_BONNIE,north_atlantic,138,48,54.99982584381104,53.48795073646493,51.18445933759823,6.850335843063802,6.839047073564071,0.01128876949973101,-2.5563202070649185,-2.909202912300361,0.8251645790269725,0.8266340387600611
2004,AL032004_north_atlantic_CHARLEY,north_atlantic,145,48,129.54292431152345,60.387697494367664,60.275365497434635,37.11372276115095,36.97218147867435,0.14154128247660225,-25.533955732149458,-25.411193416977557,0.1910413419189274,0.1976918377655502
2004,AL042004_north_atlantic_DANIELLE,north_atlantic,271,48,94.99970019592286,96.2789885604036,111.75813188321331,18.006401609143968,17.385935046888356,0.6204665622556114,-13.287398021202437,-10.768949990513732,0.8942004189447789,0.8897472642331173
2004,AL062004_north_atlantic_FRANCES,north_atlantic,211,48,124.99959576416016,125.15490361275747,125.10089817933893,15.338260990504843,13.774157940934831,1.5641030495700114,-11.717628976325715,-7.7348918968574125,0.9709731947954003,0.9580502327244267
2004,AL092004_north_atlantic_IVAN,north_atlantic,480,48,144.99954591674805,137.36948228928028,140.5738809375266,20.32627077375843,17.153379838816978,3.172890934941453,-14.204076199543048,-11.95347655468357,0.9490578461547993,0.9640794110764404
2004,AL112004_north_atlantic_JEANNE,north_atlantic,379,48,104.99966785705567,60.27231452009334,128.71258770142327,36.44304857537282,28.495760952901783,7.947287622471038,-29.71815280246907,-20.2563223485602,0.41814989836866184,0.6665060948501544
2004,AL122004_north_atlantic_KARL,north_atlantic,283,48,124.99959576416016,122.5280009237244,123.7257630229103,17.04454157924343,15.53816843959535,1.5063731396480797,-4.060917491079498,-0.31814177700023166,0.9013600952329627,0.9204050971829806
2004,AL132004_north_atlantic_LISA,north_atlantic,325,48,64.99979721252441,87.58996489592637,66.92743420473596,27.246746001038364,11.196918596969919,16.049827404068445,17.950083767843932,4.445842944097265,-0.25054653452537107,0.43382961125476827
2005,AL012005_north_atlantic_ARLENE,north_atlantic,133,48,59.99980967437744,55.67718009659972,56.110987145618495,5.051600169436519,4.89893997993109,0.15266018950542826,-1.8449481176354257,-1.735529377907192,0.9506684004732419,0.9539834028079116
2005,AL032005_north_atlantic_CINDY,north_atlantic,181,48,64.99979721252441,76.15757388591861,71.960882872349,12.727732352424015,12.544502248327445,0.1832301040965696,-5.390818352498542,-5.43363763964472,0.8510376956272282,0.8447848436925915
2005,AL042005_north_atlantic_DENNIS,north_atlantic,325,48,129.99959442504883,123.16981838012681,135.36738350723923,12.952269428124204,10.200895358615114,2.7513740695090902,-5.9874302260756895,-2.839243782836216,0.9625671571560794,0.9701583190958776
2005,AL052005_north_atlantic_EMILY,north_atlantic,246,48,139.99956208618164,117.86355910036069,127.7886326095899,11.324356768551713,14.447105945270444,-3.122749176718731,-7.3157246717642215,-5.984627222380989,0.9716319627792777,0.9266449119767802
2005,AL062005_north_atlantic_FRANKLIN,north_atlantic,223,48,59.99980967437744,69.13419407053898,65.76952222522263,11.51991028532615,8.784951147674104,2.734959137652046,2.7968879427270656,1.6197984713759386,0.34751831318600385,0.4982185439889213
2005,AL082005_north_atlantic_HARVEY,north_atlantic,271,48,54.99982584381104,55.30311899297003,55.75249031491953,17.129941571556454,11.71511746611186,5.414824105444595,-13.644864983717499,-8.208246134360232,0.6881826351871092,0.7905744426848754
2005,AL092005_north_atlantic_IRENE,north_atlantic,204,48,89.99971636535645,79.84285208718521,84.46935947884924,7.019720803473542,16.847430395287894,-9.82770959181435,-4.487424362889594,-9.724118348987936,0.9475242761943197,0.5723846998352996
2005,AL122005_north_atlantic_KATRINA,north_atlantic,181,48,149.99952974731445,105.10639804521533,115.99119344947223,28.07465205460923,20.37265611643681,7.70199593817242,-18.643313679032595,-12.495097738488147,0.8928659061773355,0.9382079943222346
2005,AL142005_north_atlantic_MARIA,north_atlantic,301,48,99.99968402648926,72.5871271333996,55.875735700875936,26.034671903046124,24.431474428093622,1.603197474952502,-20.224931442808316,-18.871153403713638,0.5858980671228956,0.3997315961784011
2005,AL152005_north_atlantic_NATE,north_atlantic,169,48,79.99974870422363,84.65312841939497,106.29772289037655,8.136564403221888,14.614028325011024,-6.477463921789136,-1.9370895515173516,8.169922696079718,0.9640146856348928,0.9187996451985472
2005,AL162005_north_atlantic_OPHELIA,north_atlantic,403,48,74.99976487365723,73.9152425127065,84.66177348920579,19.42427962392673,15.23949034385051,4.1847892800762185,-15.536031176654056,-2.8668298614251855,0.7351948007862541,0.8277348640445222
2005,AL172005_north_atlantic_PHILIPPE,north_atlantic,163,48,69.99978104309082,134.06900436311264,86.30092959150434,47.357617889763695,27.617003854946432,19.740614034817263,29.94445809171318,18.445625001765958,-0.4664931170519945,-0.16297843514875957
2005,AL182005_north_atlantic_RITA,north_atlantic,199,48,154.99951357788086,84.16919834292403,114.71391270603016,31.006757027718727,24.210808817375597,6.795948210343131,-19.39582050725929,-11.867664207863497,0.8891102170674803,0.8917682418942722
2005,AL252005_north_atlantic_WILMA,north_atlantic,264,48,159.99949740844727,142.64616032923158,133.02545077662927,34.13625869736063,20.27457743498401,13.86168126237662,-21.156773217247046,-11.847753404383132,0.7836908731032091,0.9016123101571764
2005,AL272005_north_atlantic_BETA,north_atlantic,103,48,99.99968402648926,108.60038750158408,89.29082560481112,9.285966309559555,13.194632491996527,-3.9086661824369724,-3.89371024238804,-7.946821976598857,0.9132359402270604,0.894792456639107
2005,AL292005_north_atlantic_DELTA,north_atlantic,204,48,59.99980967437744,45.66192112570599,45.739579004657315,31.41509562672366,16.225833306441846,15.189262320281813,-25.88461038492313,-11.73666191102053,-0.2887751425606203,-0.06169027329004645
2005,AL302005_north_atlantic_EPSILON,north_atlantic,253,48,74.99976487365723,55.35550691033987,60.49411894037506,31.05952684492115,11.305514011692486,19.754012833228664,-24.779244354619514,-4.826319250279173,0.12443306871648047,0.72179563298957
2005,AL312005_north_atlantic_ZETA,north_atlantic,211,48,54.99982584381104,50.115666402155895,50.11971102527687,19.630506636795364,10.126072412542207,9.504434224253156,-15.521372965593574,-7.2370881330144785,0.5403718546576284,0.7407196910559749
2006,AL012006_north_atlantic_ALBERTO,north_atlantic,216,48,59.99980967437744,46.79928686219501,47.19378998754351,22.164846449017666,21.41119613329076,0.7536503157269081,-17.56545402872459,-16.475523595952634,0.33177691856074165,0.33967720809479296
2006,AL042006_north_atlantic_CHRIS,north_atlantic,133,48,54.99982584381104,83.0544686064333,54.96880799055371,32.82806015711718,17.85892255253471,14.969137604582468,23.54603709475189,13.570088571961852,-0.5920425092208927,0.3766411029430932
2006,AL062006_north_atlantic_ERNESTO,north_atlantic,253,48,64.99979721252441,103.32226823582653,83.90967532705473,22.169670278505194,17.66709154516306,4.502578733342133,8.292840282871778,3.219390042065525,0.5637589205798232,0.5568871472198015
2006,AL072006_north_atlantic_FLORENCE,north_atlantic,294,48,79.99974870422363,82.96147576306215,66.07028713186125,21.107275965437843,20.168605133195477,0.9386708322423658,-12.826659713816554,-15.5817636774348,0.7428299442555832,0.7216194127180046
2006,AL082006_north_atlantic_GORDON,north_atlantic,337,48,104.99966785705567,78.16935966795609,94.038261757075,28.756430062201765,22.937333547441867,5.819096514759899,-25.20772791872296,-14.571743025868916,0.7744602080461801,0.6562587909536419
2006,AL092006_north_atlantic_HELENE,north_atlantic,348,48,104.99966785705567,109.60324754394979,119.32633742849237,18.385601407509,16.24847499294384,2.1371264145651594,-0.6367842853391019,7.949697454799391,0.7645472414630801,0.9093826861271344
2006,AL102006_north_atlantic_ISAAC,north_atlantic,139,48,74.99976487365723,56.8077648424296,56.30351675340518,12.459143589348535,13.531262791117259,-1.0721192017687233,-9.041912649563214,-9.842867875469247,0.8134058831701863,0.7654186987244714
2007,AL012007_north_atlantic_ANDREA,north_atlantic,181,48,64.99979721252441,65.34895652113032,65.36442320337775,13.51251158178747,22.58927304699797,-9.0767614652105,10.13071421171113,17.288921280532247,0.8103999836882323,-0.0004067400752423458
2007,AL022007_north_atlantic_BARRY,north_atlantic,133,48,49.99984201324463,63.694986670662,67.30275151087973,14.613177752478242,14.467181231961492,0.14599652051674994,-4.74059446870292,-3.6502530893132987,0.35020658893087425,0.3667354743474384
2007,AL032007_north_atlantic_CHANTAL,north_atlantic,133,48,59.99980967437744,61.90537528366042,61.92221184231024,14.843738988191005,13.887591595565068,0.9561473926259367,-8.6644785659583,-8.111096309942496,0.44756682372549556,0.4515653428194434
2007,AL042007_north_atlantic_DEAN,north_atlantic,235,48,149.99952974731445,141.3229249896768,146.69047367045414,13.43555768799966,13.730805395478002,-0.2952477074783424,-4.443720722810163,2.6110390403042336,0.9535137718035958,0.9392762910453282
2007,AL062007_north_atlantic_FELIX,north_atlantic,151,48,149.99952974731445,139.36388800330576,142.23071026761264,12.95740406216906,12.772781618931203,0.18462244323785626,-5.614883234140889,-1.8112794174413365,0.9685549464648653,0.966582970652226
2007,AL122007_north_atlantic_KAREN,north_atlantic,109,48,64.99979721252441,64.91032856378077,65.03173496082064,8.350697039918158,5.840767809820568,2.5099292300975895,5.382887498863023,3.446224587851161,0.8295995612392174,0.9144389804432523
2007,AL162007_north_atlantic_NOEL,north_atlantic,250,48,74.99976487365723,80.12118765670519,100.86184889287873,30.00964154955342,21.82594402538995,8.18369752416347,-16.99959828083458,-2.25566736284463,-0.234065161478825,0.28614779440432336
2007,AL172007_north_atlantic_OLGA,north_atlantic,139,48,49.99984201324463,50.03041640098869,49.844815212702095,7.699095294994386,8.027576516691132,-0.3284812216967463,3.138199564720406,4.744313617571371,0.5564556063762326,0.5174012196306165
2008,AL022008_north_atlantic_BERTHA,north_atlantic,396,48,109.99965168762208,59.16568378116858,91.75548847226646,33.26607443841771,24.65787687623934,8.608197562178372,-25.52167057395198,-9.764806241446323,-0.4921316968041822,-0.22413869853534343
2008,AL042008_north_atlantic_DOLLY,north_atlantic,157,48,84.99973253479004,79.59478730118683,72.88426158316656,6.567373551558369,6.947931029194282,-0.3805574776359135,-3.6178089807352345,-4.236874898082347,0.9645952620834738,0.9561446964405275
2008,AL062008_north_atlantic_FAY,north_atlantic,287,48,59.99980967437744,45.46357039439023,45.560039482832785,23.416947002172627,19.76739485124816,3.6495521509244675,-19.995441610418396,-16.7835307518612,0.6094779635179761,0.6877429157867027
2008,AL072008_north_atlantic_GUSTAV,north_atlantic,277,48,134.99957825561523,119.96257212691917,140.3604737550397,12.641632659821905,15.999063611822942,-3.357430952001037,-3.2619185495835863,1.2588205284802436,0.9428928248010338,0.9436761760011239
2008,AL082008_north_atlantic_HANNA,north_atlantic,258,48,74.99976487365723,106.2431374641673,101.31410055878182,27.40537345670832,22.045814681739657,5.3595587749686615,13.478371915447967,7.510406448213122,0.6245355675992247,0.5682598789451331
2008,AL092008_north_atlantic_IKE,north_atlantic,343,48,124.99959576416016,77.1835059873482,115.18474933625183,31.373821228204893,28.767568418654115,2.606252809550778,-24.677286924865065,-10.756625632518094,0.6850572804377969,0.4910957584107927
2008,AL102008_north_atlantic_JOSEPHINE,north_atlantic,193,48,54.99982584381104,99.95541966842761,55.124737875033574,29.919332558145296,5.013082128799983,24.906250429345313,21.354922288032675,3.602150117415721,-0.30443463083687117,0.9452865039183133
2008,AL112008_north_atlantic_KYLE,north_atlantic,133,48,74.99976487365723,67.72384896870778,64.95067840825357,11.306828494958822,12.303030374771001,-0.9962018798121797,-7.580337586311062,-8.4261952691066,0.8353321567796892,0.803356024960983
2008,AL122008_north_atlantic_LAURA,north_atlantic,199,48,69.99978104309082,80.67628763399658,75.32412695444656,18.11884237816145,17.502177277435393,0.6166651007260562,-3.910063990500853,-0.1042877503359643,0.4299059341811767,0.360734890000021
2008,AL152008_north_atlantic_OMAR,north_atlantic,187,48,114.99963551818848,167.3062197354532,103.25730070888407,32.67785458620092,11.192802837532666,21.485051748668255,21.45854032132686,7.278862258268278,0.766682953565736,0.9517528475433839
2008,AL172008_north_atlantic_PALOMA,north_atlantic,205,48,124.99959576416016,85.32669775906759,93.04638940357377,12.331865653390714,10.428542382388978,1.903323271001737,-3.18366086089888,-0.939369704237607,0.9488168925705681,0.9630950829626331
2009,AL032009_north_atlantic_BILL,north_atlantic,259,48,114.99963551818848,127.79786394605259,121.48491780448003,19.06314751309922,16.622810925019113,2.4403365880801076,3.725721639332485,1.9232654103028788,0.8746315073570486,0.9027147018122876
2009,AL072009_north_atlantic_FRED,north_atlantic,283,48,104.99966785705567,109.63867930657399,109.61855804081425,6.673326815758116,6.597889171605678,0.07543764415243803,-0.512362049907367,3.7335680705290524,0.9888383901018295,0.9867922502270599
2009,AL092009_north_atlantic_GRACE,north_atlantic,217,48,54.99982584381104,53.87798252840227,65.70363483670359,10.851090091728619,8.842917385299057,2.008172706429562,-6.543728813273472,5.235110169812183,0.1720143273048285,0.6011307358466874
2009,AL112009_north_atlantic_IDA,north_atlantic,169,48,89.99971636535645,73.23363414617181,77.1795093389818,11.849745717575068,8.130477349315202,3.7192683682598666,-5.024863880236681,-2.7020244619050144,0.8490207630678746,0.9319579401593628
2010,AL012010_north_atlantic_ALEX,north_atlantic,175,48,94.99970019592286,111.37633972072011,120.94590349034216,11.086957630780374,18.249796575793486,-7.162838945013112,-5.787378556534622,7.478366704522118,0.8973602264777458,0.8676510457589417
2010,AL062010_north_atlantic_DANIELLE,north_atlantic,301,48,114.99963551818848,115.36922584253966,108.58227735211119,18.434509826487826,14.532102956571583,3.902406869916243,-1.0474054798123427,2.08340773362415,0.8301344230005708,0.8951119153464382
2010,AL072010_north_atlantic_EARL,north_atlantic,264,48,124.99959576416016,120.77392361026253,119.70411444157237,14.975145101958615,11.131288637056668,3.843856464901947,5.099896849396647,1.51259134249036,0.9087763614374702,0.9453607456032705
2010,AL082010_north_atlantic_FIONA,north_atlantic,138,48,54.99982584381104,59.96234596104244,50.25954271866961,13.088345555137268,2.5205677969998903,10.567777758137378,9.231949196028783,-0.7909569235037278,0.4979156820782485,0.9584520808281888
2010,AL112010_north_atlantic_IGOR,north_atlantic,339,48,134.99957825561523,108.6791555622514,121.86834188434995,19.407570807562877,20.463749642860897,-1.0561788352980201,-8.044444910238417,3.9782370372745643,0.8312558710562462,0.804498524048008
2010,AL122010_north_atlantic_JULIA,north_atlantic,301,48,119.99961934875488,79.46330945257256,73.82363437754269,15.50979167437049,16.531322893431877,-1.0215312190613872,-4.256799977928924,-5.965083375718467,0.8138188504386129,0.7951387706287171
2010,AL132010_north_atlantic_KARL,north_atlantic,109,48,109.99965168762208,133.9783888909738,133.50108620017912,11.421750749842433,10.40908410776102,1.0126666420814132,-5.153855279467383,-2.0362034558497486,0.916796589070417,0.9227942778463496
2010,AL142010_north_atlantic_LISA,north_atlantic,159,48,74.99976487365723,49.135818419402916,49.75498229698533,10.549564437304042,9.427253513043752,1.1223109242602902,-7.478348886847219,-6.3267629061604085,0.8269301760346915,0.8549929589586741
2010,AL172010_north_atlantic_OTTO,north_atlantic,277,48,74.99976487365723,65.9090661067845,63.29155824230621,13.460461280659768,10.404420416743339,3.0560408639164294,-11.64785884974306,-8.888286555383448,0.9516880121777345,0.9574745003693362
2010,AL182010_north_atlantic_PAULA,north_atlantic,115,48,89.99971636535645,93.41781157859133,94.01788713444935,10.041117187276495,7.5197758655041,2.521341321772395,7.624470726357351,5.910838857596841,0.9518803719307402,0.9762288410598047
2010,AL192010_north_atlantic_RICHARD,north_atlantic,126,48,84.99973253479004,92.27875208959189,91.24806752667465,5.50548248460328,5.426160398662425,0.07932208594085477,-1.8367409835191695,-1.6342231267921907,0.9604898196069507,0.9603808961174242
2010,AL212010_north_atlantic_TOMAS,north_atlantic,301,48,84.99973253479004,154.87228045853556,131.81502039616296,54.25211958337038,41.772607161271154,12.479512422099226,35.88904606942165,29.090965833505955,0.22250226016857252,0.2746678818536812
2011,AL022011_north_atlantic_BRET,north_atlantic,162,48,59.99980967437744,52.72572367219005,52.30900131641336,3.684431538455696,4.616532690526392,-0.9321011520706959,-0.9271292784399408,-2.386650000011343,0.9482206371922509,0.9384254483213782
2011,AL092011_north_atlantic_IRENE,north_atlantic,217,48,104.99966785705567,114.1899196338754,134.5483295450444,18.508242759117625,21.135811723044668,-2.627568963927043,-1.5245781978298119,6.437573283582284,0.8250404256572518,0.9177515653678398
2011,AL122011_north_atlantic_KATIA,north_atlantic,366,48,119.99961934875488,130.53422211248528,132.4056062365861,27.522304951127502,19.80137758913661,7.720927361990892,12.248356644498044,7.13307408564214,0.644541361231372,0.7854517334335624
2011,AL132011_north_atlantic_LEE,north_atlantic,115,48,49.99984201324463,49.995818564097924,50.04565256877018,20.769562490748832,18.929601607448582,1.8399608833002503,-13.965175946482843,-12.722186737473612,0.6358424300875397,0.6515634833439887
2011,AL142011_north_atlantic_MARIA,north_atlantic,186,48,69.99978104309082,95.91186590850462,61.022025784213895,16.095862114529407,7.945984754902149,8.149877359627258,8.15095314944813,-4.285852625796717,0.7962158663955445,0.6080277797085915
2011,AL152011_north_atlantic_NATE,north_atlantic,127,48,64.99979721252441,164.9140229598085,144.44035987213616,48.34250115073011,42.4157960986249,5.926705052105206,32.84656613388948,28.722652344122793,0.35989226714400446,0.41128534374929715
2011,AL162011_north_atlantic_OPHELIA,north_atlantic,343,48,119.99961934875488,101.60074153986263,93.89602432399111,20.590255378732664,11.240012838116947,9.350242540615717,9.059105020810115,2.1596116503409455,0.7240866974000602,0.9323577169817608
2011,AL172011_north_atlantic_PHILIPPE,north_atlantic,354,48,79.99974870422363,81.53600012623905,45.58077948566791,16.28116814648364,24.99912865916684,-8.717960512683199,7.080318960360448,-18.429467100027715,0.279123390494476,-0.5946162318734994
2011,AL182011_north_atlantic_RINA,north_atlantic,165,48,99.99968402648926,72.88506721554027,74.40023630422252,19.29334823173799,18.498099302301203,0.7952489294367879,-7.812464708117705,-7.225503398634546,0.7798487474388657,0.7965912178566885
2011,AL192011_north_atlantic_SEAN,north_atlantic,138,48,54.99982584381104,45.35617109750028,60.3968435763515,9.253949260358308,6.544536397891402,2.7094128624669054,-7.008908920267125,2.267016346377875,0.6218598193755321,0.6020426348895481
2012,AL012012_north_atlantic_ALBERTO,north_atlantic,115,48,49.99984201324463,50.217621672536914,49.778449094049016,1.9550639420393583,3.047496181157888,-1.0924322391185297,1.1007346306566186,1.8502867331503279,0.9749364093192998,0.9492724029502422
2012,AL022012_north_atlantic_BERYL,north_atlantic,181,48,59.99980967437744,58.479533545244244,57.340021446749816,17.15104205677485,16.786448436413014,0.36459362036183407,-11.644291781397175,-11.479372422043596,0.6512598496988901,0.6550592111396295
2012,AL032012_north_atlantic_CHRIS,north_atlantic,144,48,74.99976487365723,46.50694522306827,48.42837538178704,15.34062321242406,11.58194701397465,3.7586761984494093,-10.830929637903473,-7.515263987004071,0.6033534223665986,0.7730673011384357
2012,AL042012_north_atlantic_DEBBY,north_atlantic,97,48,54.99982584381104,55.088263041203426,55.09058586268107,3.2634306509043878,4.366787690631227,-1.1033570397268395,-0.4460701138263152,0.4245170184551044,0.9077123520285599,0.8229416622017652
2012,AL052012_north_atlantic_ERNESTO,north_atlantic,150,48,84.82826434875489,110.16978565263298,109.98928100080259,12.180318663578529,12.59501845184005,-0.41469978826152065,3.1596067282197557,4.605513928356068,0.879944728788277,0.8826753926429
2012,AL062012_north_atlantic_FLORENCE,north_atlantic,121,48,49.99984201324463,68.20698119118836,51.07474715010542,24.148022779273546,12.894262339947774,11.253760439325772,17.183834960447918,9.562641369445863,-0.23829824997223775,0.4207958514644075
2012,AL082012_north_atlantic_GORDON,north_atlantic,145,48,94.99970019592286,62.264419322292454,78.9509695746932,19.926280664196614,7.503060927667592,12.423219736529022,-13.781625007448694,-4.6002981921403645,0.661029025722361,0.9844245312742745
2012,AL092012_north_atlantic_ISAAC,north_atlantic,240,48,69.99978104309082,129.80828920938407,107.81807716627854,23.25818984272384,17.834114848697766,5.424074994026075,9.578383846997275,7.062951169684743,0.8447709648886997,0.8539195587719249
2012,AL112012_north_atlantic_KIRK,north_atlantic,127,48,89.99971636535645,116.83643283423073,85.01552066845316,29.119461374912028,11.267307863688858,17.85215351122317,18.21139703513432,5.17771165490224,0.5092700366948433,0.8111382393291707
2012,AL122012_north_atlantic_LESLIE,north_atlantic,336,48,69.99978104309082,81.807595123483,92.89301007979427,10.423791613753176,13.1270763102183,-2.703284696465124,-2.6286632179607996,6.574717816831138,0.6428734224657606,0.6955400144918694
2012,AL132012_north_atlantic_MICHAEL,north_atlantic,216,48,99.99968402648926,53.59352802278206,74.4638039048309,27.273586907250227,26.936431880691856,0.3371550265583707,-20.71979156626907,-15.079898674119292,0.8144728530963913,0.315751285566609
2012,AL142012_north_atlantic_NADINE,north_atlantic,480,48,79.62937623596191,108.12319924259285,86.2599350591748,33.55331171234751,16.927715914978407,16.6255957973691,-18.276738415198448,-6.324156630869642,0.4152213876232569,0.604140773108768
2012,AL172012_north_atlantic_RAFAEL,north_atlantic,331,48,79.99974870422363,77.51885020470452,75.68012108216561,19.088403979249588,14.913208612835021,4.175195366414567,-15.495226762934882,-11.506686827216367,0.8844037536071403,0.8786342962007548
2012,AL182012_north_atlantic_SANDY,north_atlantic,234,48,99.99968402648926,98.872579968443,93.61435386596412,24.284532761135065,13.575439963323745,10.70909279781132,-15.662717522913752,-7.895032246756877,0.5964617783126328,0.8462764884816344
2013,AL042013_north_atlantic_DORIAN,north_atlantic,294,48,49.99984201324463,104.39212525952821,47.31703508403036,34.59359160647436,3.3392859928394523,31.25430561363491,25.857452394503078,0.4536559290670194,-0.1846638365622253,0.9227737699244309
2013,AL072013_north_atlantic_GABRIELLE,north_atlantic,125,48,54.99982584381104,82.71789332370237,53.686414590220444,16.48137493353657,7.6386383546154315,8.84273657892114,8.083537546220525,3.093659279941594,0.30350439335973967,0.6725568987317913
2013,AL092013_north_atlantic_HUMBERTO,north_atlantic,271,48,79.99974870422363,79.01102178384345,87.63897872994838,12.03442118898869,8.248847818824919,3.785573370163771,-7.988966500036744,-1.0903572474838437,0.9108694408534791,0.9395676190742073
2013,AL102013_north_atlantic_INGRID,north_atlantic,121,48,74.99976487365723,98.19842968577721,77.63138823422887,14.202448082465354,8.560832982212409,5.641615100252945,-2.101844944341194,-2.637749943619616,0.7070885550467337,0.8822989369205723
2013,AL122013_north_atlantic_KAREN,north_atlantic,73,48,54.99982584381104,55.11621428103287,55.111722823326794,2.196817751672289,1.800752565567458,0.396065186104831,-1.0027060742233276,-0.788616650216855,0.9792519092133121,0.9845054010299765
2013,AL142013_north_atlantic_MELISSA,north_atlantic,151,48,54.99982584381104,52.68837948809996,68.13154256632832,12.905728074278457,10.19792669647301,2.7078013778054473,-7.7673083617752035,1.9110978699681036,0.4162531607188216,0.5640360343516355
2014,AL012014_north_atlantic_ARTHUR,north_atlantic,234,48,84.99973253479004,113.19030937696614,95.74641287902357,16.227582056381415,14.144253517931615,2.0833285384498,-5.091711743311081,-7.859698656839009,0.9272414617782856,0.9176592090123302
2014,AL032014_north_atlantic_BERTHA,north_atlantic,186,48,69.99978104309082,81.91358133706854,57.504658382206465,15.218447095893506,7.945970804577596,7.27247629131591,5.102293994055171,-4.712538822410468,0.6527613289342571,0.8166650681717647
2014,AL042014_north_atlantic_CRISTOBAL,north_atlantic,229,48,74.99976487365723,102.1828928666048,116.69234314754978,18.731106942762054,20.883160390283994,-2.15205344752194,-8.842930254999233,-2.7584798586425343,0.7056394149516911,0.7447279993894642
2014,AL062014_north_atlantic_EDOUARD,north_atlantic,258,48,104.99966785705567,90.85591675077454,111.56355926362717,15.773309318159294,14.480422658842437,1.2928866593168564,-9.485695777522567,-1.2273279504194656,0.8670009668836663,0.8376581042685215
2014,AL082014_north_atlantic_GONZALO,north_atlantic,205,48,124.99959576416016,107.24022681598112,110.05337980835658,18.615031282526406,11.976894925506764,6.638136357019642,-11.150442119741033,-3.5042860388600583,0.8654783417200507,0.9215292365169709
2015,AL012015_north_atlantic_ANA,north_atlantic,144,48,49.99984201324463,55.79336536016198,55.91084443909196,7.298484881291702,6.859244395472694,0.439240485819008,-3.00904111581187,-2.289867474136377,0.953505810924266,0.9541779681335122
2015,AL022015_north_atlantic_BILL,north_atlantic,121,48,49.99984201324463,50.192912537563984,50.18469825730039,4.4025438615766435,4.381080768671189,0.021463092905454673,-2.3411116013389774,-2.3071501869227937,0.9676836315298093,0.9675375216287574
2015,AL042015_north_atlantic_DANNY,north_atlantic,168,48,109.99965168762208,69.83875031649511,53.55635954827432,14.338181680913076,24.148610265900455,-9.81042858498738,-5.335216211642434,-14.135072017339544,0.9132330201845281,0.7053052577848841
2015,AL062015_north_atlantic_FRED,north_atlantic,181,48,74.99976487365723,74.98293689451027,75.06197953573044,7.509035271711308,4.724082837513719,2.7849524341975886,1.9878828610957835,1.1478696648907036,0.9035682766837104,0.9554487031035035
2015,AL072015_north_atlantic_GRACE,north_atlantic,97,48,49.99984201324463,54.99083805699751,49.72675430988919,13.721607231143402,3.354512201041766,10.367095030101636,8.80057419962455,2.260312483379445,-0.012565972891469197,0.9606751830244286
2015,AL112015_north_atlantic_JOAQUIN,north_atlantic,420,48,134.99957825561523,108.96791790238792,111.63968735617124,20.363841661017545,18.484605002655226,1.87923665836232,-12.60748322228486,-5.753764134173291,0.882294775998821,0.8708690850135041
2015,AL122015_north_atlantic_KATE,north_atlantic,115,48,74.99976487365723,60.00941601562497,60.0713517630573,18.987515958603485,11.741988019193773,7.245527939409712,-13.592635358096794,-8.245493631647248,0.3955515425797424,0.7423734061537421
2016,AL012016_north_atlantic_ALEX,north_atlantic,241,48,74.99976487365723,54.99083496093748,54.99083496093746,34.31681241066,21.410995651836284,12.905816758823715,-28.681694750399156,-17.19060691037622,-0.28275633560735064,-0.16176198355778035
2016,AL052016_north_atlantic_EARL,north_atlantic,103,48,74.99976487365723,75.2995899661897,75.45812671252281,19.675073355994893,11.024148005282916,8.650925350711978,-13.211476383593448,-6.9810883369322445,0.7886918054424946,0.8821391361617926
2016,AL072016_north_atlantic_GASTON,north_atlantic,313,48,104.99966785705567,109.01523296901354,103.10855336315672,28.883481010103225,16.90012173980154,11.983359270301683,-2.7040353633503202,3.4797885124271053,0.2924419347715227,0.7313623331759526
2016,AL092016_north_atlantic_HERMINE,north_atlantic,240,48,69.99978104309082,92.87189903412575,89.10026735149214,25.793834293335518,24.208187533193115,1.585646760142403,-17.452604419209717,-16.504047686366956,0.4313882699573498,0.459708570273152
2016,AL142016_north_atlantic_MATTHEW,north_atlantic,277,48,144.99954591674805,141.61510084625604,129.73263440786369,36.117750815850854,26.493138113206573,9.624612702644281,-19.18692335035828,-14.434628549318088,0.4487126608601035,0.6624859988511987
2016,AL152016_north_atlantic_NICOLE,north_atlantic,367,48,119.99961934875488,56.23793440666737,68.17303922936073,37.451493603815614,24.844248608946923,12.60724499486869,-30.649197763027715,-19.97547400558656,0.09844098074722853,0.626321582243888
2016,AL162016_north_atlantic_OTTO,north_atlantic,162,48,99.99968402648926,93.18540930594816,84.69919019506652,12.68888603705113,13.362157064349226,-0.673271027298096,-2.841278373982868,-2.3785519829483133,0.8055044047828869,0.7759055659016589
2017,AL012017_north_atlantic_ARLENE,north_atlantic,157,48,54.99982584381104,55.20001830541045,55.13746648246547,11.83822895111274,5.672868022404376,6.165360928708363,-6.906903262960306,2.186505304068166,0.5392202896289905,0.7332124149341497
2017,AL032017_north_atlantic_CINDY,north_atlantic,109,48,49.99984201324463,50.246828395376376,50.206794670433524,6.103341142009726,6.101862938141369,0.0014782038683573973,-3.3693400041538335,-3.4390912625281884,0.9748084468420046,0.9747660251636023
2017,AL072017_north_atlantic_FRANKLIN,north_atlantic,91,48,74.99976487365723,105.11339172311646,111.23573627924185,5.93029304902617,13.728490083830698,-7.798197034804528,2.371323731817989,7.866858400999526,0.9584665097620183,0.9552185015278609
2017,AL082017_north_atlantic_GERT,north_atlantic,156,48,94.99970019592286,67.929316161451,88.2901694892824,12.780617220458902,7.141311506897809,5.639305713561093,-8.680182746714507,-0.9295355093214842,0.9674080884223031,0.9410394234458339
2017,AL092017_north_atlantic_HARVEY,north_atlantic,273,48,114.99963551818848,110.79579067184227,96.1578628200077,18.18862749273693,17.93922230163458,0.24940519110235115,-14.008698141827168,-15.015675285501928,0.9205424780993579,0.918837225222127
2017,AL112017_north_atlantic_IRMA,north_atlantic,349,48,154.99951357788086,140.5037908731495,146.82151504754373,17.189234568926345,14.64151080238409,2.547723766542255,-8.161825276092726,-1.4792752605614126,0.9366057556895804,0.9378455989720578
2017,AL122017_north_atlantic_JOSE,north_atlantic,480,48,134.99957825561523,110.88475681197505,114.08048033729726,20.44903273341325,15.76057984371683,4.688452889696421,-11.255054766862324,-4.2403050373882545,0.8410238244531235,0.8537635643276515
2017,AL132017_north_atlantic_KATIA,north_atlantic,97,48,89.99971636535645,115.40178883483138,98.02422875819092,9.668532398728036,6.36862359163858,3.299908807089456,3.344902127626389,0.967007375509291,0.9231888153925646,0.9550070986650449
2017,AL142017_north_atlantic_LEE,north_atlantic,204,48,99.99968402648926,72.15607721949453,81.38853068358078,19.811638218641086,17.36251209990198,2.4491261187391054,-14.705983462410085,-9.294868166274027,0.8742539264756407,0.7965571214174998
2017,AL152017_north_atlantic_MARIA,north_atlantic,385,48,149.99952974731445,128.75027002989654,124.52047931322518,13.647116790351154,14.092331721720068,-0.44521493136891443,-10.036392577954718,1.8504047056407589,0.955805529489929,0.89269601932324
2017,AL162017_north_atlantic_NATE,north_atlantic,150,48,79.99974870422363,80.50231209285054,58.6166090664447,8.213292840592201,11.396106158089468,-3.182813317497267,-3.0136689128069465,-7.517525995420237,0.9360412372966638,0.8895196916831187
2017,AL172017_north_atlantic_OPHELIA,north_atlantic,216,48,99.99968402648926,63.62225958826931,85.94598467564538,28.054618100697972,19.51733117688975,8.537286923808221,-23.235653216248853,-15.481861156333956,0.6837021826351388,0.8264174799072999
2018,AL012018_north_atlantic_ALBERTO,north_atlantic,138,48,54.99982584381104,52.5622114999484,53.08967150866643,10.210491835014759,9.933902737710527,0.27658909730423176,-5.002269634296137,-4.558543543338972,0.7549435237626131,0.7566781160907102
2018,AL022018_north_atlantic_BERYL,north_atlantic,307,48,69.99978104309082,87.38710411637868,79.73548276296532,16.903015556697223,11.455076100094963,5.44793945660226,5.725642243450424,2.0186298344721765,0.7602482146754453,0.8515035649314371
2018,AL032018_north_atlantic_CHRIS,north_atlantic,246,48,89.99971636535645,72.47358025238482,101.0877348739081,14.885657600432596,12.72800471456806,2.157652885864536,-11.356457645292831,-5.19537376423547,0.8670273907209927,0.8768179487804348
2018,AL062018_north_atlantic_FLORENCE,north_atlantic,444,48,129.99959442504883,122.01902037492079,129.04422562066793,31.971035697415598,22.32080693695784,9.650228760457757,-20.97649620269487,-12.383196522510449,0.6908247693816926,0.8382300700784184
2018,AL072018_north_atlantic_GORDON,north_atlantic,121,48,59.99980967437744,69.62968281967356,61.61967662064433,4.012166015768977,3.5564610542328685,0.4557049615361084,1.120581825545733,1.0074832795780642,0.9821951593386832,0.9827656653899123
2018,AL082018_north_atlantic_HELENE,north_atlantic,247,48,94.99970019592286,88.58807679146746,86.14380923919742,17.233506606488536,8.408941921826433,8.824564684662104,-11.854480777751608,-5.711685743705928,0.850206388041231,0.9384886158495883
2018,AL092018_north_atlantic_ISAAC,north_atlantic,181,48,64.99979721252441,82.83392885826085,79.5604446481406,22.323479308381284,18.858701715266264,3.46477759311502,15.911244414583187,13.005909258399388,0.43338229108436704,0.4971952225029306
2018,AL132018_north_atlantic_LESLIE,north_atlantic,480,48,79.99974870422363,48.9070462339324,112.6954138420534,37.45796587749308,14.145054320589525,23.312911556903558,-30.7865195940207,3.7256883149707476,-0.4855407054802941,0.6939959120760959
2018,AL142018_north_atlantic_MICHAEL,north_atlantic,217,48,139.70335605957032,94.65171414797217,99.2251901151974,32.782387188939865,31.56160890752511,1.2207782814147556,-25.71729387914818,-23.935730118332785,0.724972661952819,0.7527844635815454
2018,AL162018_north_atlantic_OSCAR,north_atlantic,211,48,94.99970019592286,65.63553380547823,75.26055149989331,26.64734753249697,19.196678561150957,7.450668971346012,-21.467979409126993,-13.120788072744462,0.4515694790966997,0.6654563841800549
2019,AL022019_north_atlantic_BARRY,north_atlantic,139,48,64.99979721252441,77.5911412343218,78.27482615467267,6.180280803113122,5.699843686850636,0.4804371162624852,-2.903021142301199,-2.4736487982280524,0.9598977421514038,0.9668037960961493
2019,AL052019_north_atlantic_DORIAN,north_atlantic,342,48,159.99949740844727,123.64934989189418,126.61939043234683,28.28483822684181,28.810542555038545,-0.5257043281967348,-14.078785483001269,-13.882983343143032,0.649450893792478,0.6315018251601437
2019,AL082019_north_atlantic_GABRIELLE,north_atlantic,162,48,54.99982584381104,64.7929780171621,61.15207909085552,7.167737699281479,5.118014582194146,2.049723117087333,3.0405410763497285,1.7657210728405193,0.8593327443535386,0.8604732535456935
2019,AL092019_north_atlantic_HUMBERTO,north_atlantic,186,48,109.99965168762208,50.610356007251,92.11507346147229,36.50711917848859,12.724995091263946,23.78212408722464,-26.919163140838457,-8.431850006346771,0.46379547343882266,0.9644550718267283
2019,AL102019_north_atlantic_JERRY,north_atlantic,265,48,89.99971636535645,107.73782828232424,72.88869795187824,20.828587230334357,10.304858799615245,10.523728430719112,12.526854409727811,5.125803335969365,0.8077009958304774,0.860874789684966
2019,AL132019_north_atlantic_LORENZO,north_atlantic,277,48,139.99956208618164,116.29814545184206,123.48288446597152,14.866213611516285,16.816604384368727,-1.9503907728524421,-4.279380950223685,2.2099253431971384,0.8629430908447996,0.8403381047028597
2019,AL142019_north_atlantic_MELISSA,north_atlantic,145,48,54.99982584381104,56.02467235719405,61.55849113031439,5.865275429828408,11.524561162806183,-5.659285732977775,-4.109285637081345,6.886794388921513,0.9198057544631294,-0.0037594171502301943
2019,AL182019_north_atlantic_PABLO,north_atlantic,127,48,69.99978104309082,50.00784667968742,55.52546335827014,18.899383789518602,10.0459849090855,8.853398880433103,-12.126918275107567,-4.571153063971,-0.04537337977524537,0.5439686434768011
2019,AL192019_north_atlantic_REBEKAH,north_atlantic,133,48,69.99978104309082,70.84845636758482,70.76683919246977,10.927443176703042,14.477860622292322,-3.5504174455892805,7.6577141238817825,10.327880491882635,0.7044953041994034,0.4150478353640413
2019,AL202019_north_atlantic_SEBASTIEN,north_atlantic,199,48,59.99980967437744,58.66388941450876,61.07864533581998,24.139000259389004,20.17417864907281,3.964821610316193,-16.955420434782603,-12.652401635976801,-0.052740268602967,0.14710035645254257
2020,AL032020_north_atlantic_CRISTOBAL,north_atlantic,253,48,49.99984201324463,50.11041455167789,50.27307613873917,24.84284570940175,18.821514527512644,6.021331181889106,-21.238530667821827,-15.574241704891563,0.34189093642968377,0.502873116488292
2020,AL072020_north_atlantic_GONZALO,north_atlantic,120,48,54.99982584381104,134.1398634747,86.50628834482724,47.07587614038988,21.23785690325563,25.83801923713425,29.646952402251653,12.1749423535973,0.2534850312208855,0.40034139341100444
2020,AL092020_north_atlantic_ISAIAS,north_atlantic,187,48,79.99974870422363,57.56363399980144,56.660187338303096,23.42194741223927,21.286028436546264,2.1359189756930057,-19.194402675759846,-17.142461074636135,0.1499075466354374,0.2699249474031939
2020,AL132020_north_atlantic_LAURA,north_atlantic,186,48,129.99959442504883,111.38151700919931,117.39358800192505,23.340857021070306,26.120926270750257,-2.7800692496799506,5.9505085483847475,8.68334865578836,0.7104788634557213,0.690818805648743
2020,AL142020_north_atlantic_MARCO,north_atlantic,121,48,64.99979721252441,81.98738997919442,67.75294386544962,18.79893560360914,8.69855063459555,10.100384969013591,13.510466572162542,5.9203839086786,0.6848508710973638,0.8914094797561548
2020,AL172020_north_atlantic_PAULETTE,north_atlantic,480,48,89.99971636535645,86.00788547864198,126.54270819046893,19.035719692219693,11.772559785628728,7.263159906590966,-16.22140254221584,-1.6006620360750143,0.8651661509478481,0.9544607920287573
2020,AL192020_north_atlantic_SALLY,north_atlantic,157,48,94.99970019592286,58.020722373522055,68.78531611519372,17.575907380699896,15.893280515877777,1.6826268648221188,-12.142432555340305,-11.024178200864258,0.7855028919834081,0.8421433344903017
2020,AL202020_north_atlantic_TEDDY,north_atlantic,270,48,119.99961934875488,94.49555389791078,120.79832101384127,12.154941181983634,13.107964774808956,-0.9530235928253212,-7.214636692717301,7.288668405806772,0.9305834050755352,0.951989587817141
2020,AL222020_north_atlantic_BETA,north_atlantic,193,48,54.99982584381104,83.84278054328796,52.26834767277436,12.438380071276523,5.952469805643099,6.485910265633424,3.0830395148063707,-2.2810141926568273,0.8559578503179697,0.956440996844543
2020,AL242020_north_atlantic_ALPHA,north_atlantic,109,48,59.99980967437744,59.331411498931324,59.349460923634474,9.351019226102707,5.201312181224249,4.1497070448784585,-4.985375267784612,-2.0093262408417054,0.6616577721273031,0.8006994763045708
2020,AL252020_north_atlantic_GAMMA,north_atlantic,109,48,64.583213460083,64.34510422399529,64.53297550892414,7.9650536448662494,9.317284895929395,-1.352231251063146,-4.537429564338688,5.848852317369653,0.7862261553087518,0.7521118529527293
2020,AL262020_north_atlantic_DELTA,north_atlantic,169,48,119.99961934875488,144.55689042030627,143.0209976229064,14.974948177616088,14.197717760479966,0.7772304171361224,2.153974985915539,4.305846739962877,0.9165240192939309,0.935501101549023
2020,AL272020_north_atlantic_EPSILON,north_atlantic,198,48,99.99968402648926,55.1048228160063,89.16156608000182,29.260887472226248,18.531463941633035,10.729423530593213,-23.164831189529142,-8.142127293224426,0.42405889461929086,0.5814129107706874
2020,AL282020_north_atlantic_ZETA,north_atlantic,133,48,99.99968402648926,86.8662132918427,94.59015437319299,11.599185656123321,11.776413955440008,-0.1772282993166865,-5.580567940724458,-1.0824818431358303,0.8334860837894739,0.8312687453608872
2020,AL292020_north_atlantic_ETA,north_atlantic,319,48,129.99959442504883,159.10381731323378,150.43916795193135,23.071722132976817,20.647501208815658,2.4242209241611583,-16.299202930258886,-14.783577891355812,0.9388035149966957,0.9417901629975288
2020,AL302020_north_atlantic_THETA,north_atlantic,193,48,59.99980967437744,61.30657569234321,61.952605782585074,14.020481520463107,4.092294538852743,9.928186981610365,-10.437335476224993,-1.2858778573822371,0.8008309536207158,0.9591739513509017
2020,AL312020_north_atlantic_IOTA,north_atlantic,138,48,134.99957825561523,142.87223835582503,137.73386133045722,12.547677829319209,12.718727713418204,-0.1710498840989949,-4.5840414140538055,-3.27605720609375,0.9500244375230643,0.9463276878967425
2021,AL012021_north_atlantic_ANA,north_atlantic,97,48,49.99984201324463,50.33610109060926,49.9774174661673,5.523710213307669,3.7006727744315473,1.8230374388761215,3.6991742844669546,2.538237655602015,0.6781332738605397,0.8708904863567883
2021,AL052021_north_atlantic_ELSA,north_atlantic,229,48,74.99976487365723,91.25993644558596,84.74278928875158,19.381894091989714,17.2352687268976,2.146625365092113,3.1466226608448653,0.9552650220119557,0.7105296805171023,0.7413649589195419
2021,AL062021_north_atlantic_FRED,north_atlantic,154,48,54.99982584381104,64.79022795972219,52.52070597768036,8.087844403744944,7.992466981796094,0.09537742194885013,-3.4804869709982964,-4.979647780269844,0.9505754006181446,0.9376786322560169
2021,AL072021_north_atlantic_GRACE,north_atlantic,144,48,104.99966785705567,97.28606576375927,124.89508838229766,11.148216426195185,9.372441636337044,1.7757747898581417,-2.8772363456356462,2.288489748914648,0.8560585582079847,0.9310784053258061
2021,AL082021_north_atlantic_HENRI,north_atlantic,222,48,64.99979721252441,95.00505052581975,80.48378187970971,8.946729600809794,5.77243338332023,3.174296217489564,2.814782495739581,-1.287624027782448,0.9547932091300756,0.9578692082811607
2021,AL092021_north_atlantic_IDA,north_atlantic,223,48,129.99959442504883,86.16515164491675,85.07895978139233,26.430700367375184,26.213847207401233,0.21685315997395094,-19.97519625034019,-19.571022177694385,0.8096835607533075,0.8048467609099067
2021,AL122021_north_atlantic_LARRY,north_atlantic,265,48,109.99965168762208,146.55133933035202,125.0061046915536,23.863885546946655,19.5343608354214,4.329524711525256,8.068119027156055,9.619783715946834,0.5886088202873794,0.7492491691240919
2021,AL142021_north_atlantic_NICHOLAS,north_atlantic,115,48,64.99979721252441,65.42143915952958,65.5814865119069,3.2828588748234058,3.4968250936374288,-0.213966218814023,-0.8510023948234117,0.46950268400360834,0.9856803036904276,0.9777371276206338
2021,AL152021_north_atlantic_ODETTE,north_atlantic,222,48,54.99982584381104,45.42229202618141,45.66839495586054,18.627888280498386,13.778621906977977,4.849266373520409,-16.039476858401937,-11.522196512742203,0.6232214390941162,0.5280457324698351
2021,AL172021_north_atlantic_ROSE,north_atlantic,127,48,49.99984201324463,54.21313165363385,53.26681226278319,10.404505870252454,8.592298825138958,1.812207045113496,8.092666874225532,6.620490887840598,0.5005196852442075,0.6344419422052919
2021,AL182021_north_atlantic_SAM,north_atlantic,349,48,134.99957825561523,129.41333549490506,127.91689602262679,20.824523096098485,25.325671749864163,-4.501148653765679,-10.570170609294841,-10.939792044866207,0.8177059461392147,0.7128816047973847
2021,AL202021_north_atlantic_VICTOR,north_atlantic,127,48,54.99982584381104,72.49982964255028,55.780908694697516,20.503048895883452,9.054501135900946,11.448547759982507,14.096544605445393,5.974290656194912,0.1874283736042771,0.7001683046461176
2021,AL212021_north_atlantic_WANDA,north_atlantic,319,48,59.99980967437744,62.20022679996942,83.06125427855078,25.823022217948047,15.34079155326178,10.482230664686266,-22.855193624707944,10.583151675867567,0.7198734750698863,0.10762821822531457
2022,AL022022_north_atlantic_BONNIE,north_atlantic,268,48,99.99968402648926,114.86724502847409,106.73966510446239,16.67825733006738,11.684770571535156,4.993486758532226,0.20755083923949394,-4.114874251919564,0.8944946851201583,0.9612907856763248
2022,AL052022_north_atlantic_DANIELLE,north_atlantic,367,48,74.99976487365723,69.43649918735623,94.96364582390811,14.881969214402604,9.242887128500554,5.63908208590205,-11.601495305812827,0.8603475948566504,0.9247285249636287,0.9480409133902641
2022,AL062022_north_atlantic_EARL,north_atlantic,307,48,94.99970019592286,132.29990902691668,133.3967638019226,17.097691489085385,15.730492008591755,1.36719948049363,-6.26902653698186,-2.9476458130568886,0.828825379571589,0.8264839605607203
2022,AL072022_north_atlantic_FIONA,north_atlantic,325,48,119.99961934875488,128.76448811074604,133.13699275017953,23.71037349453679,13.030418892618425,10.679954601918364,-11.671562798473195,-4.597050617583954,0.7579200053357096,0.9345673494952653
2022,AL082022_north_atlantic_GASTON,north_atlantic,199,48,54.99982584381104,60.82476159273316,62.456044456749815,14.409831068371139,6.627281640865173,7.782549427505965,-10.49476453404057,-2.8255414005986186,0.7209137755101369,0.8548870350599815
2022,AL092022_north_atlantic_IAN,north_atlantic,177,48,139.99956208618164,132.8849027181406,120.85961199215572,23.536604539075064,16.843882682503985,6.6927218565710795,-11.985689149960297,-10.34358929654523,0.7864929110549194,0.9004245806468222
2022,AL142022_north_atlantic_KARL,north_atlantic,103,48,49.99984201324463,50.237703801638446,50.31755623172151,1.5415835053768292,4.44084059945233,-2.8992570940755007,0.7114694494211503,3.066755544282677,0.9888322409074064,0.9427077469236318
2022,AL152022_north_atlantic_LISA,north_atlantic,133,48,79.78875029418946,68.14689577709144,62.65275547871584,9.119675243790569,9.826858960794558,-0.7071837170039892,-6.2334071486104925,-6.849129237111797,0.9199153192041201,0.8998245353548462
2022,AL162022_north_atlantic_MARTIN,north_atlantic,120,48,74.99976487365723,56.107339407630406,85.26884964419159,18.907729605963937,9.254362913983579,9.653366691980358,-12.62769842838213,-2.1938079267289106,0.3431835524873921,0.8381319643433862
2022,AL172022_north_atlantic_NICOLE,north_atlantic,126,48,64.99979721252441,52.15959212412406,65.25037068198306,7.7289048765198425,4.15526177181506,3.5736431047047823,-5.3847608371191455,-2.1302973277292274,0.9007137371968129,0.9576429892708193
2023,AL032023_north_atlantic_BRET,north_atlantic,133,48,59.99980967437744,78.83477998345965,66.09794541701325,17.955688778640603,10.605623755001945,7.350065023638658,12.800744807373214,7.12791910299343,0.6965917648084226,0.7723324455936168
2023,AL042023_north_atlantic_CINDY,north_atlantic,138,48,49.99984201324463,54.106719966016364,46.62163328240589,12.765873047825012,2.5623398829329664,10.203533164892047,8.575650060204776,0.5934592124215398,0.3885575368109236,0.9843384803397958
2023,AL052023_north_atlantic_DON,north_atlantic,132,48,64.99979721252441,48.3504315758424,47.06303337268124,8.820165612375531,9.707301910777732,-0.8871362984022007,-6.752349802267179,-7.4397393254752116,0.8067352634375607,0.7659904920293146
2023,AL082023_north_atlantic_FRANKLIN,north_atlantic,444,48,129.99959442504883,105.386327244644,111.52512622551242,17.973157335412353,15.167728882218162,2.8054284531941907,-9.95153068156833,-2.0914983254850226,0.8621674047273153,0.8614156749686697
2023,AL102023_north_atlantic_IDALIA,north_atlantic,307,48,114.99963551818848,132.14033165724837,119.52784943118037,23.591876426069305,19.368748717721843,4.223127708347462,-16.272489437277766,-12.504047786773382,0.8178387405487886,0.8511735330227449
2023,AL122023_north_atlantic_KATIA,north_atlantic,360,48,49.99984201324463,58.191674394820176,46.795359396565296,11.29252722303146,4.953932509246027,6.338594713785433,1.488009406892835,2.9546657066205686,0.26871130970597396,0.8762829104848284
2023,AL132023_north_atlantic_LEE,north_atlantic,319,48,144.99954591674805,112.89835497658946,114.16807810110897,16.729001790646436,13.221532613835313,3.5074691768111226,-10.93624125539774,-1.4502855577568512,0.9037823652281194,0.9104057749998627
2023,AL142023_north_atlantic_MARGOT,north_atlantic,246,48,79.99974870422363,52.43162885213629,69.87772825754072,18.469182296811987,6.858657927147032,11.610524369664954,-15.048087260933372,-3.2540295115662006,0.7488647896728944,0.9467386660969733
2023,AL152023_north_atlantic_NIGEL,north_atlantic,270,48,84.99973253479004,110.65187920300276,91.04886158550553,18.72872414835904,14.031628892324868,4.697095256034171,-4.646906236020041,-8.121181820058467,0.8824229789750191,0.8969374828186885
2023,AL172023_north_atlantic_PHILIPPE,north_atlantic,319,48,49.99984201324463,107.32472108450472,86.29509809186261,32.885741661137224,20.470252362263317,12.415489298873908,27.14881188648952,11.152076962727303,0.22359851524509486,0.02348005560986282
2023,AL202023_north_atlantic_TAMMY,north_atlantic,313,48,94.99970019592286,102.49237346292419,81.97380003664647,17.480705027686454,7.934787786103336,9.545917241583119,-3.301924585668723,-0.3178592260493041,0.8394979467377155,0.9115842941266309
2024,AL262024_north_atlantic_BERYL,north_atlantic,295,48,144.99954591674805,133.16409707077543,134.2932914187469,12.775848137025376,10.353793969851653,2.422054167173723,-3.2088633475682515,-1.5799593647790844,0.9448181845174595,0.9629458501315962
2024,AL362024_north_atlantic_DEBBY,north_atlantic,199,48,69.99978104309082,77.04026989032099,70.43549042401854,18.602473035636482,16.32165452482814,2.2808185108083414,-14.606260243365336,-13.117532759047448,0.7183494928630435,0.7503017596449156
2024,AL422024_north_atlantic_ERNESTO,north_atlantic,217,48,84.99973253479004,91.1541259757527,106.29235681985442,10.313191967643807,10.684180126631698,-0.37098815898789184,-4.285953983231474,4.137527190404105,0.8729258681926603,0.9145825816938384
2024,AL572024_north_atlantic_FRANCINE,north_atlantic,114,48,89.99971636535645,79.64393427127294,83.90508828964857,4.956304688934889,2.9205133509140535,2.0357913380208355,-2.4634336990718286,-0.062016140730658274,0.9814833431382133,0.9914891637194313
2024,AL682024_north_atlantic_HELENE,north_atlantic,127,48,119.99961934875488,127.36276837778605,115.0903041051851,9.018221185011125,6.8477480335429455,2.1704731514681797,0.9446713487019243,-1.7608595380354766,0.9794974491204429,0.9751282574875074
2024,AL702024_north_atlantic_ISAAC,north_atlantic,204,48,89.99971636535645,45.85598167040788,76.64605089523417,28.97295805617959,9.171911414623212,19.801046641556376,-23.522193155673417,-6.7777490791026604,0.28644199011987037,0.9196436494194484
2024,AL732024_north_atlantic_KIRK,north_atlantic,247,48,129.99959442504883,117.55311222362003,116.78614728981145,20.586102262467776,14.898892607356135,5.687209655111641,-5.964324671802556,-0.1307167821835185,0.7661651049648996,0.8687953711917693
2024,AL742024_north_atlantic_LESLIE,north_atlantic,252,48,89.99971636535645,116.22036361963318,74.43425758329978,21.778740212942633,14.11190279968152,7.6668374132611135,12.625192835490301,-5.3329503232142335,0.7942683387842958,0.658777348766929
2024,AL782024_north_atlantic_MILTON,north_atlantic,169,48,154.99951357788086,95.20201152476177,111.73518625603822,29.23772527965289,19.80781324552119,9.4299120341317,-21.22231809188314,-9.859117693858568,0.9364759496900507,0.9517489481793221
2024,AL832024_north_atlantic_OSCAR,north_atlantic,85,48,74.99976487365723,75.60961174120719,75.48762977959201,8.403347262639988,5.704346497707391,2.699000764932597,-4.945908546519836,-3.161041961638483,0.9720328854954511,0.9805000363444296
2024,AL872024_north_atlantic_PATTY,north_atlantic,85,48,54.99982584381104,55.437765070363554,55.18810835149682,3.2145422586527403,6.028961167205574,-2.8144189085528333,1.8388357041828436,3.561567723028566,0.9053836094402293,0.5436541696066416
2024,AL912024_north_atlantic_RAFAEL,north_atlantic,163,48,104.99966785705567,87.82434687993336,84.11481943646932,17.204899008378067,12.523215756616253,4.6816832517618145,-11.261179357814807,-3.4983625246428316,0.8853970691182367,0.9155689678790138
